,time,value,end
2023-07-07 00:00:00-04:00,2023-07-07 23:30:52-04:00,8.453888888888889,2023-07-08 07:58:06-04:00
2023-07-08 00:00:00-04:00,2023-07-08 23:16:09-04:00,9.68,2023-07-09 08:56:57-04:00
2023-07-09 00:00:00-04:00,2023-07-09 23:54:11-04:00,7.602222222222222,2023-07-10 07:30:19-04:00
2023-07-10 00:00:00-04:00,2023-07-10 23:40:01-04:00,7.816666666666666,2023-07-11 07:29:01-04:00
2023-07-11 00:00:00-04:00,2023-07-11 23:56:14-04:00,7.248611111111111,2023-07-12 07:11:09-04:00
2023-07-12 00:00:00-04:00,2023-07-12 22:35:30-04:00,9.189444444444444,2023-07-13 07:46:52-04:00
2023-07-13 00:00:00-04:00,2023-07-12 22:35:30-04:00,9.189444444444444,2023-07-13 07:46:52-04:00
2023-07-14 00:00:00-04:00,2023-07-12 22:35:30-04:00,9.189444444444444,2023-07-13 07:46:52-04:00
2023-07-15 00:00:00-04:00,2023-07-15 22:56:35-04:00,11.088611111111112,2023-07-16 10:01:54-04:00
2023-07-16 00:00:00-04:00,2023-07-16 22:55:34-04:00,9.05,2023-07-17 07:58:34-04:00
2023-07-17 00:00:00-04:00,2023-07-17 22:42:26-04:00,9.255,2023-07-18 07:57:44-04:00
2023-07-18 00:00:00-04:00,2023-07-18 22:42:33-04:00,9.22888888888889,2023-07-19 07:56:17-04:00
2023-07-19 00:00:00-04:00,2023-07-19 22:56:09-04:00,8.717222222222222,2023-07-20 07:39:11-04:00
2023-07-20 00:00:00-04:00,2023-07-19 22:56:09-04:00,8.717222222222222,2023-07-20 07:39:11-04:00
2023-07-21 00:00:00-04:00,2023-07-19 22:56:09-04:00,8.717222222222222,2023-07-20 07:39:11-04:00
2023-07-22 00:00:00-04:00,2023-07-22 22:46:18-04:00,8.938055555555556,2023-07-23 07:42:35-04:00
2023-07-23 00:00:00-04:00,2023-07-23 22:24:52-04:00,10.27111111111111,2023-07-24 08:41:08-04:00
2023-07-24 00:00:00-04:00,2023-07-24 22:58:07-04:00,9.032222222222222,2023-07-25 08:00:03-04:00
2023-07-25 00:00:00-04:00,2023-07-25 22:39:21-04:00,9.258055555555556,2023-07-26 07:54:50-04:00
2023-07-26 00:00:00-04:00,2023-07-26 22:52:55-04:00,9.118611111111113,2023-07-27 08:00:02-04:00
2023-07-27 00:00:00-04:00,2023-07-26 22:52:55-04:00,9.118611111111113,2023-07-27 08:00:02-04:00
2023-07-28 00:00:00-04:00,2023-07-26 22:52:55-04:00,9.118611111111113,2023-07-27 08:00:02-04:00
2023-07-29 00:00:00-04:00,2023-07-29 22:57:28-04:00,9.925,2023-07-30 08:52:58-04:00
2023-07-30 00:00:00-04:00,2023-07-30 22:09:20-04:00,9.64222222222222,2023-07-31 07:47:51.999999999-04:00
2023-07-31 00:00:00-04:00,2023-07-31 22:19:26-04:00,9.676666666666666,2023-08-01 08:00:02-04:00
2023-08-01 00:00:00-04:00,2023-08-01 22:58:55-04:00,9.018611111111111,2023-08-02 08:00:02-04:00
2023-08-02 00:00:00-04:00,2023-08-02 22:43:37-04:00,9.273055555555556,2023-08-03 08:00:00-04:00
2023-08-03 00:00:00-04:00,2023-08-02 22:43:37-04:00,9.273055555555556,2023-08-03 08:00:00-04:00
2023-08-04 00:00:00-04:00,2023-08-02 22:43:37-04:00,9.273055555555556,2023-08-03 08:00:00-04:00
2023-08-05 00:00:00-04:00,2023-08-05 22:34:23-04:00,9.426944444444445,2023-08-06 08:00:00-04:00
2023-08-06 00:00:00-04:00,2023-08-06 22:34:12-04:00,9.289166666666668,2023-08-07 07:51:33-04:00
2023-08-07 00:00:00-04:00,2023-08-07 22:58:03-04:00,9.032777777777778,2023-08-08 08:00:01-04:00
2023-08-08 00:00:00-04:00,2023-08-08 22:45:29-04:00,9.2425,2023-08-09 08:00:02-04:00
2023-08-09 00:00:00-04:00,2023-08-09 22:35:50-04:00,9.368055555555555,2023-08-10 07:57:55-04:00
2023-08-10 00:00:00-04:00,2023-08-09 22:35:50-04:00,9.368055555555555,2023-08-10 07:57:55-04:00
2023-08-11 00:00:00-04:00,2023-08-09 22:35:50-04:00,9.368055555555555,2023-08-10 07:57:55-04:00
2023-08-12 00:00:00-04:00,2023-08-12 22:48:28-04:00,9.192777777777778,2023-08-13 08:00:02-04:00
2023-08-13 00:00:00-04:00,2023-08-13 22:55:05-04:00,9.001388888888888,2023-08-14 07:55:09.999999999-04:00
2023-08-14 00:00:00-04:00,2023-08-14 22:50:13-04:00,9.934166666666666,2023-08-15 08:46:16-04:00
2023-08-15 00:00:00-04:00,2023-08-15 22:18:19-04:00,9.694722222222222,2023-08-16 08:00:00-04:00
2023-08-16 00:00:00-04:00,2023-08-16 22:21:14-04:00,9.64638888888889,2023-08-17 08:00:01-04:00
2023-08-17 00:00:00-04:00,2023-08-16 22:21:14-04:00,9.64638888888889,2023-08-17 08:00:01-04:00
2023-08-18 00:00:00-04:00,2023-08-16 22:21:14-04:00,9.64638888888889,2023-08-17 08:00:01-04:00
2023-08-19 00:00:00-04:00,2023-08-19 22:39:53-04:00,10.15277777777778,2023-08-20 08:49:03-04:00
2023-08-20 00:00:00-04:00,2023-08-20 22:51:04-04:00,9.149166666666666,2023-08-21 08:00:01-04:00
2023-08-21 00:00:00-04:00,2023-08-21 22:57:44-04:00,9.037777777777778,2023-08-22 08:00:00-04:00
2023-08-22 00:00:00-04:00,2023-08-22 22:58:59-04:00,9.016944444444444,2023-08-23 08:00:00-04:00
2023-08-23 00:00:00-04:00,2023-08-23 22:58:43-04:00,9.02138888888889,2023-08-24 08:00:00-04:00
2023-08-24 00:00:00-04:00,2023-08-23 22:58:43-04:00,9.02138888888889,2023-08-24 08:00:00-04:00
2023-08-25 00:00:00-04:00,2023-08-23 22:58:43-04:00,9.02138888888889,2023-08-24 08:00:00-04:00
2023-08-26 00:00:00-04:00,2023-08-26 22:39:02-04:00,9.349722222222224,2023-08-27 08:00:01-04:00
2023-08-27 00:00:00-04:00,2023-08-27 21:30:00-04:00,11.955,2023-08-28 09:27:18-04:00
2023-08-28 00:00:00-04:00,2023-08-28 22:31:23-04:00,10.727777777777778,2023-08-29 09:15:03-04:00
2023-08-29 00:00:00-04:00,2023-08-29 22:56:22-04:00,8.858055555555556,2023-08-30 07:47:51-04:00
2023-08-30 00:00:00-04:00,2023-08-30 22:36:26-04:00,10.835833333333332,2023-08-31 09:26:34.999999999-04:00
2023-08-31 00:00:00-04:00,2023-08-30 22:36:26-04:00,10.835833333333332,2023-08-31 09:26:34.999999999-04:00
2023-09-01 00:00:00-04:00,2023-08-30 22:36:26-04:00,10.835833333333332,2023-08-31 09:26:34.999999999-04:00
2023-09-02 00:00:00-04:00,2023-09-02 21:53:42-04:00,10.105,2023-09-03 08:00:00-04:00
2023-09-03 00:00:00-04:00,2023-09-03 23:03:10-04:00,8.947222222222223,2023-09-04 08:00:00-04:00
2023-09-04 00:00:00-04:00,2023-09-04 22:55:15-04:00,9.079444444444444,2023-09-05 08:00:01-04:00
2023-09-05 00:00:00-04:00,2023-09-05 22:55:30-04:00,9.075277777777778,2023-09-06 08:00:01-04:00
2023-09-06 00:00:00-04:00,2023-09-06 22:28:17-04:00,9.528611111111111,2023-09-07 08:00:00-04:00
2023-09-07 00:00:00-04:00,2023-09-06 22:28:17-04:00,9.528611111111111,2023-09-07 08:00:00-04:00
2023-09-08 00:00:00-04:00,2023-09-06 22:28:17-04:00,9.528611111111111,2023-09-07 08:00:00-04:00
2023-09-09 00:00:00-04:00,2023-09-09 22:53:12-04:00,9.8275,2023-09-10 08:42:51-04:00
2023-09-10 00:00:00-04:00,2023-09-10 22:45:26-04:00,9.243333333333334,2023-09-11 08:00:02-04:00
2023-09-11 00:00:00-04:00,2023-09-11 22:55:55-04:00,8.999722222222223,2023-09-12 07:55:54-04:00
2023-09-12 00:00:00-04:00,2023-09-12 22:41:55-04:00,9.366111111111111,2023-09-13 08:03:53-04:00
2023-09-13 00:00:00-04:00,2023-09-13 22:33:26-04:00,9.443055555555556,2023-09-14 08:00:01-04:00
2023-09-14 00:00:00-04:00,2023-09-13 22:33:26-04:00,9.443055555555556,2023-09-14 08:00:01-04:00
2023-09-15 00:00:00-04:00,2023-09-13 22:33:26-04:00,9.443055555555556,2023-09-14 08:00:01-04:00
2023-09-16 00:00:00-04:00,2023-09-16 22:49:24-04:00,10.216111111111111,2023-09-17 09:02:22-04:00
2023-09-17 00:00:00-04:00,2023-09-17 22:41:35-04:00,9.250277777777775,2023-09-18 07:56:35.999999999-04:00
2023-09-18 00:00:00-04:00,2023-09-18 22:58:15-04:00,9.029166666666669,2023-09-19 08:00:00-04:00
2023-09-19 00:00:00-04:00,2023-09-19 22:29:41-04:00,9.505833333333332,2023-09-20 08:00:01.999999999-04:00
2023-09-20 00:00:00-04:00,2023-09-20 22:58:29-04:00,9.025277777777776,2023-09-21 07:59:59.999999999-04:00
2023-09-21 00:00:00-04:00,2023-09-20 22:58:29-04:00,9.025277777777776,2023-09-21 07:59:59.999999999-04:00
2023-09-22 00:00:00-04:00,2023-09-20 22:58:29-04:00,9.025277777777776,2023-09-21 07:59:59.999999999-04:00
2023-09-23 00:00:00-04:00,2023-09-23 22:49:47-04:00,9.864722222222222,2023-09-24 08:41:40-04:00
2023-09-24 00:00:00-04:00,2023-09-24 22:55:35-04:00,9.073611111111113,2023-09-25 08:00:00-04:00
2023-09-25 00:00:00-04:00,2023-09-25 22:50:39-04:00,8.769444444444444,2023-09-26 07:36:48.999999999-04:00
2023-09-26 00:00:00-04:00,2023-09-26 22:57:38-04:00,10.355,2023-09-27 09:18:56-04:00
2023-09-27 00:00:00-04:00,2023-09-27 22:30:31-04:00,9.491388888888888,2023-09-28 08:00:00-04:00
2023-09-28 00:00:00-04:00,2023-09-27 22:30:31-04:00,9.491388888888888,2023-09-28 08:00:00-04:00
2023-09-29 00:00:00-04:00,2023-09-27 22:30:31-04:00,9.491388888888888,2023-09-28 08:00:00-04:00
2023-09-30 00:00:00-04:00,2023-09-30 22:59:52-04:00,9.0025,2023-10-01 08:00:01-04:00
2023-10-01 00:00:00-04:00,2023-10-01 23:17:08-04:00,8.715277777777779,2023-10-02 08:00:03-04:00
2023-10-02 00:00:00-04:00,2023-10-02 22:15:20-04:00,9.744444444444444,2023-10-03 08:00:00-04:00
2023-10-03 00:00:00-04:00,2023-10-03 22:40:23-04:00,9.326944444444443,2023-10-04 07:59:59.999999999-04:00
2023-10-04 00:00:00-04:00,2023-10-04 22:51:23-04:00,10.074444444444444,2023-10-05 08:55:51-04:00
2023-10-05 00:00:00-04:00,2023-10-04 22:51:23-04:00,10.074444444444444,2023-10-05 08:55:51-04:00
2023-10-06 00:00:00-04:00,2023-10-04 22:51:23-04:00,10.074444444444444,2023-10-05 08:55:51-04:00
2023-10-07 00:00:00-04:00,2023-10-07 22:58:44-04:00,9.021666666666668,2023-10-08 08:00:02-04:00
2023-10-08 00:00:00-04:00,2023-10-08 22:17:59-04:00,9.700277777777778,2023-10-09 08:00:00-04:00
2023-10-09 00:00:00-04:00,2023-10-09 22:14:50-04:00,9.878055555555555,2023-10-10 08:07:31-04:00
2023-10-10 00:00:00-04:00,2023-10-10 22:24:48-04:00,10.90277777777778,2023-10-11 09:18:58-04:00
2023-10-11 00:00:00-04:00,2023-10-11 22:42:59-04:00,10.945,2023-10-12 09:39:41-04:00
2023-10-12 00:00:00-04:00,2023-10-12 23:58:04-04:00,8.532777777777778,2023-10-13 08:30:02-04:00
2023-10-13 00:00:00-04:00,2023-10-12 23:58:04-04:00,8.532777777777778,2023-10-13 08:30:02-04:00
2023-10-14 00:00:00-04:00,2023-10-14 22:34:24-04:00,9.427222222222222,2023-10-15 08:00:02-04:00
2023-10-15 00:00:00-04:00,2023-10-15 22:17:10-04:00,11.158888888888889,2023-10-16 09:26:42-04:00
2023-10-16 00:00:00-04:00,2023-10-16 22:11:48-04:00,9.803333333333333,2023-10-17 08:00:00-04:00
2023-10-17 00:00:00-04:00,2023-10-17 22:09:54-04:00,9.835,2023-10-18 08:00:00-04:00
2023-10-18 00:00:00-04:00,2023-10-17 22:09:54-04:00,9.835,2023-10-18 08:00:00-04:00
2023-10-19 00:00:00-04:00,2023-10-19 02:07:40-04:00,6.558333333333334,2023-10-19 08:41:10-04:00
2023-10-20 00:00:00-04:00,2023-10-19 02:07:40-04:00,6.558333333333334,2023-10-19 08:41:10-04:00
2023-10-21 00:00:00-04:00,2023-10-21 22:51:25-04:00,9.949166666666668,2023-10-22 08:48:22-04:00
2023-10-22 00:00:00-04:00,2023-10-22 22:59:07-04:00,9.015555555555556,2023-10-23 08:00:03-04:00
2023-10-23 00:00:00-04:00,2023-10-23 22:36:31-04:00,9.391388888888889,2023-10-24 08:00:00-04:00
2023-10-24 00:00:00-04:00,2023-10-24 21:30:00-04:00,11.45111111111111,2023-10-25 08:57:04-04:00
2023-10-25 00:00:00-04:00,2023-10-25 22:39:15-04:00,10.304722222222225,2023-10-26 08:57:32-04:00
2023-10-26 00:00:00-04:00,2023-10-25 22:39:15-04:00,10.304722222222225,2023-10-26 08:57:32-04:00
2023-10-27 00:00:00-04:00,2023-10-25 22:39:15-04:00,10.304722222222225,2023-10-26 08:57:32-04:00
2023-10-28 00:00:00-04:00,2023-10-28 22:56:56-04:00,9.051111111111112,2023-10-29 08:00:00-04:00
2023-10-29 00:00:00-04:00,2023-10-29 22:15:09-04:00,9.7475,2023-10-30 08:00:00-04:00
2023-10-30 00:00:00-04:00,2023-10-30 22:47:02-04:00,9.676111111111112,2023-10-31 08:27:36-04:00
2023-10-31 00:00:00-04:00,2023-10-31 22:22:56-04:00,9.617777777777778,2023-11-01 08:00:00-04:00
2023-11-01 00:00:00-04:00,2023-11-01 22:31:33-04:00,9.474166666666669,2023-11-02 08:00:00-04:00
2023-11-02 00:00:00-04:00,2023-11-01 22:31:33-04:00,9.474166666666669,2023-11-02 08:00:00-04:00
2023-11-03 00:00:00-04:00,2023-11-01 22:31:33-04:00,9.474166666666669,2023-11-02 08:00:00-04:00
2023-11-04 00:00:00-04:00,2023-11-04 22:25:20-04:00,10.670833333333333,2023-11-05 09:05:35-04:00
2023-11-05 00:00:00-04:00,2023-11-05 22:34:14-04:00,10.796666666666669,2023-11-06 09:22:02-04:00
2023-11-06 00:00:00-04:00,2023-11-06 23:45:59-04:00,9.438055555555556,2023-11-07 09:12:16-04:00
2023-11-07 00:00:00-04:00,2023-11-07 23:43:47-04:00,9.270833333333334,2023-11-08 09:00:02-04:00
2023-11-08 00:00:00-04:00,2023-11-08 23:53:49-04:00,9.103333333333332,2023-11-09 09:00:00.999999999-04:00
2023-11-09 00:00:00-04:00,2023-11-08 23:53:49-04:00,9.103333333333332,2023-11-09 09:00:00.999999999-04:00
2023-11-10 00:00:00-04:00,2023-11-08 23:53:49-04:00,9.103333333333332,2023-11-09 09:00:00.999999999-04:00
2023-11-11 00:00:00-04:00,2023-11-11 23:24:50-04:00,11.3275,2023-11-12 10:44:29-04:00
2023-11-12 00:00:00-04:00,2023-11-12 23:54:22-04:00,8.87,2023-11-13 08:46:33.999999999-04:00
2023-11-13 00:00:00-04:00,2023-11-13 22:30:00-04:00,10.5,2023-11-14 09:00:00-04:00
2023-11-14 00:00:00-04:00,2023-11-14 23:51:47-04:00,9.136944444444444,2023-11-15 09:00:00-04:00
2023-11-15 00:00:00-04:00,2023-11-15 23:02:57-04:00,9.950833333333334,2023-11-16 09:00:00-04:00
2023-11-16 00:00:00-04:00,2023-11-15 23:02:57-04:00,9.950833333333334,2023-11-16 09:00:00-04:00
2023-11-17 00:00:00-04:00,2023-11-15 23:02:57-04:00,9.950833333333334,2023-11-16 09:00:00-04:00
2023-11-18 00:00:00-04:00,2023-11-18 22:35:47-04:00,10.3825,2023-11-19 08:58:44-04:00
2023-11-19 00:00:00-04:00,2023-11-19 23:34:29-04:00,10.478333333333332,2023-11-20 10:03:10.999999999-04:00
2023-11-20 00:00:00-04:00,2023-11-20 23:54:15-04:00,9.096388888888889,2023-11-21 09:00:02-04:00
2023-11-21 00:00:00-04:00,2023-11-21 23:55:23-04:00,11.941666666666666,2023-11-22 11:51:53-04:00
2023-11-22 00:00:00-04:00,2023-11-22 23:10:23-04:00,9.8275,2023-11-23 09:00:02-04:00
2023-11-23 00:00:00-04:00,2023-11-22 23:10:23-04:00,9.8275,2023-11-23 09:00:02-04:00
2023-11-24 00:00:00-04:00,2023-11-22 23:10:23-04:00,9.8275,2023-11-23 09:00:02-04:00
2023-11-25 00:00:00-04:00,2023-11-25 23:19:56-04:00,9.668333333333331,2023-11-26 09:00:01.999999999-04:00
2023-11-26 00:00:00-04:00,2023-11-26 23:25:48-04:00,9.499722222222225,2023-11-27 08:55:47-04:00
2023-11-27 00:00:00-04:00,2023-11-27 23:57:12-04:00,9.507222222222222,2023-11-28 09:27:38-04:00
2023-11-28 00:00:00-04:00,2023-11-28 23:57:22-04:00,9.043888888888889,2023-11-29 09:00:00-04:00
2023-11-29 00:00:00-04:00,2023-11-29 23:36:03-04:00,9.399166666666666,2023-11-30 09:00:00-04:00
2023-11-30 00:00:00-04:00,2023-11-29 23:36:03-04:00,9.399166666666666,2023-11-30 09:00:00-04:00
2023-12-01 00:00:00-04:00,2023-11-29 23:36:03-04:00,9.399166666666666,2023-11-30 09:00:00-04:00
2023-12-02 00:00:00-04:00,2023-12-02 23:56:42-04:00,10.995,2023-12-03 10:56:24-04:00
2023-12-03 00:00:00-04:00,2023-12-03 23:46:46-04:00,9.220833333333331,2023-12-04 09:00:00.999999999-04:00
2023-12-04 00:00:00-04:00,2023-12-04 22:50:43-04:00,10.155277777777778,2023-12-05 09:00:02-04:00
2023-12-05 00:00:00-04:00,2023-12-05 23:57:34-04:00,9.040555555555557,2023-12-06 09:00:00-04:00
2023-12-06 00:00:00-04:00,2023-12-06 23:58:53-04:00,9.018888888888888,2023-12-07 09:00:00.999999999-04:00
2023-12-07 00:00:00-04:00,2023-12-06 23:58:53-04:00,9.018888888888888,2023-12-07 09:00:00.999999999-04:00
2023-12-08 00:00:00-04:00,2023-12-06 23:58:53-04:00,9.018888888888888,2023-12-07 09:00:00.999999999-04:00
2023-12-09 00:00:00-04:00,2023-12-09 23:56:22-04:00,9.060555555555556,2023-12-10 09:00:00-04:00
2023-12-10 00:00:00-04:00,2023-12-10 22:30:00-04:00,10.500555555555556,2023-12-11 09:00:02-04:00
2023-12-11 00:00:00-04:00,2023-12-11 23:57:42-04:00,8.738333333333333,2023-12-12 08:42:00-04:00
2023-12-12 00:00:00-04:00,2023-12-12 22:57:52-04:00,10.035555555555556,2023-12-13 09:00:00-04:00
2023-12-13 00:00:00-04:00,2023-12-13 23:20:09-04:00,9.664722222222222,2023-12-14 09:00:02-04:00
2023-12-14 00:00:00-04:00,2023-12-13 23:20:09-04:00,9.664722222222222,2023-12-14 09:00:02-04:00
2023-12-15 00:00:00-04:00,2023-12-13 23:20:09-04:00,9.664722222222222,2023-12-14 09:00:02-04:00
2023-12-16 00:00:00-04:00,2023-12-16 23:48:36-04:00,9.19,2023-12-17 09:00:00-04:00
2023-12-17 00:00:00-04:00,2023-12-17 23:50:20-04:00,8.904166666666667,2023-12-18 08:44:35-04:00
2023-12-18 00:00:00-04:00,2023-12-18 23:58:11-04:00,8.548055555555555,2023-12-19 08:31:04-04:00
2023-12-19 00:00:00-04:00,2023-12-19 23:50:03-04:00,9.16611111111111,2023-12-20 09:00:01-04:00
2023-12-20 00:00:00-04:00,2023-12-20 23:51:11-04:00,9.146944444444443,2023-12-21 09:00:00-04:00
2023-12-21 00:00:00-04:00,2023-12-20 23:51:11-04:00,9.146944444444443,2023-12-21 09:00:00-04:00
2023-12-22 00:00:00-04:00,2023-12-20 23:51:11-04:00,9.146944444444443,2023-12-21 09:00:00-04:00
2023-12-23 00:00:00-04:00,2023-12-23 23:25:29-04:00,9.575833333333334,2023-12-24 09:00:02-04:00
2023-12-24 00:00:00-04:00,2023-12-24 23:48:03-04:00,9.199722222222222,2023-12-25 09:00:02-04:00
2023-12-25 00:00:00-04:00,2023-12-25 23:59:32-04:00,9.008055555555556,2023-12-26 09:00:01-04:00
2023-12-26 00:00:00-04:00,2023-12-26 23:47:02-04:00,9.311111111111112,2023-12-27 09:05:42-04:00
2023-12-27 00:00:00-04:00,2023-12-27 23:59:14-04:00,9.012777777777778,2023-12-28 09:00:00-04:00
2023-12-28 00:00:00-04:00,2023-12-27 23:59:14-04:00,9.012777777777778,2023-12-28 09:00:00-04:00
2023-12-29 00:00:00-04:00,2023-12-27 23:59:14-04:00,9.012777777777778,2023-12-28 09:00:00-04:00
2023-12-30 00:00:00-04:00,2023-12-30 23:48:04-04:00,9.198888888888888,2023-12-31 09:00:00-04:00
2023-12-31 00:00:00-04:00,2023-12-31 23:05:36-04:00,9.907222222222222,2024-01-01 09:00:02-04:00
2024-01-01 00:00:00-04:00,2024-01-01 23:31:41-04:00,9.471944444444444,2024-01-02 09:00:00-04:00
2024-01-02 00:00:00-04:00,2024-01-02 23:40:04-04:00,10.075,2024-01-03 09:44:34-04:00
2024-01-03 00:00:00-04:00,2024-01-03 23:59:38-04:00,10.940555555555555,2024-01-04 10:56:04-04:00
2024-01-04 00:00:00-04:00,2024-01-03 23:59:38-04:00,10.940555555555555,2024-01-04 10:56:04-04:00
2024-01-05 00:00:00-04:00,2024-01-03 23:59:38-04:00,10.940555555555555,2024-01-04 10:56:04-04:00
2024-01-06 00:00:00-04:00,2024-01-06 23:38:06-04:00,9.365833333333333,2024-01-07 09:00:03-04:00
2024-01-07 00:00:00-04:00,2024-01-06 23:38:06-04:00,9.365833333333333,2024-01-07 09:00:03-04:00
2024-01-08 00:00:00-04:00,2024-01-08 02:10:08-04:00,6.831111111111111,2024-01-08 09:00:00-04:00
2024-01-09 00:00:00-04:00,2024-01-09 23:43:14-04:00,9.279444444444444,2024-01-10 09:00:00-04:00
2024-01-10 00:00:00-04:00,2024-01-10 23:58:49-04:00,8.556944444444444,2024-01-11 08:32:13.999999999-04:00
2024-01-11 00:00:00-04:00,2024-01-10 23:58:49-04:00,8.556944444444444,2024-01-11 08:32:13.999999999-04:00
2024-01-12 00:00:00-04:00,2024-01-10 23:58:49-04:00,8.556944444444444,2024-01-11 08:32:13.999999999-04:00
2024-01-13 00:00:00-04:00,2024-01-13 23:42:22-04:00,9.6825,2024-01-14 09:23:19-04:00
2024-01-14 00:00:00-04:00,2024-01-14 23:59:09-04:00,9.014722222222222,2024-01-15 09:00:02-04:00
2024-01-15 00:00:00-04:00,2024-01-15 23:58:15-04:00,9.029166666666669,2024-01-16 09:00:00-04:00
2024-01-16 00:00:00-04:00,2024-01-16 23:44:39-04:00,9.255833333333332,2024-01-17 08:59:59.999999999-04:00
2024-01-17 00:00:00-04:00,2024-01-17 23:34:30-04:00,9.425277777777778,2024-01-18 09:00:01-04:00
2024-01-18 00:00:00-04:00,2024-01-17 23:34:30-04:00,9.425277777777778,2024-01-18 09:00:01-04:00
2024-01-19 00:00:00-04:00,2024-01-17 23:34:30-04:00,9.425277777777778,2024-01-18 09:00:01-04:00
2024-01-20 00:00:00-04:00,2024-01-20 23:15:14-04:00,9.746666666666666,2024-01-21 09:00:02-04:00
2024-01-21 00:00:00-04:00,2024-01-21 23:39:58-04:00,9.334444444444443,2024-01-22 09:00:02-04:00
2024-01-22 00:00:00-04:00,2024-01-22 23:53:58-04:00,9.100555555555555,2024-01-23 09:00:00-04:00
2024-01-23 00:00:00-04:00,2024-01-23 23:38:52-04:00,9.021666666666668,2024-01-24 08:40:10-04:00
2024-01-24 00:00:00-04:00,2024-01-24 23:09:29-04:00,9.842222222222222,2024-01-25 09:00:01-04:00
2024-01-25 00:00:00-04:00,2024-01-24 23:09:29-04:00,9.842222222222222,2024-01-25 09:00:01-04:00
2024-01-26 00:00:00-04:00,2024-01-24 23:09:29-04:00,9.842222222222222,2024-01-25 09:00:01-04:00
2024-01-27 00:00:00-04:00,2024-01-27 23:56:46-04:00,9.054444444444444,2024-01-28 09:00:02-04:00
2024-01-28 00:00:00-04:00,2024-01-28 23:35:09-04:00,9.414166666666668,2024-01-29 09:00:00-04:00
2024-01-29 00:00:00-04:00,2024-01-29 23:29:51-04:00,9.503055555555555,2024-01-30 09:00:02-04:00
2024-01-30 00:00:00-04:00,2024-01-30 23:58:32-04:00,9.024722222222222,2024-01-31 09:00:00.999999999-04:00
2024-01-31 00:00:00-04:00,2024-01-31 23:49:43-04:00,9.171666666666669,2024-02-01 09:00:01-04:00
2024-02-01 00:00:00-04:00,2024-01-31 23:49:43-04:00,9.171666666666669,2024-02-01 09:00:01-04:00
2024-02-02 00:00:00-04:00,2024-01-31 23:49:43-04:00,9.171666666666669,2024-02-01 09:00:01-04:00
2024-02-03 00:00:00-04:00,2024-02-03 23:59:46-04:00,9.004444444444445,2024-02-04 09:00:02-04:00
2024-02-04 00:00:00-04:00,2024-02-04 23:46:27-04:00,9.225833333333334,2024-02-05 09:00:00-04:00
2024-02-05 00:00:00-04:00,2024-02-05 23:36:21-04:00,9.394444444444444,2024-02-06 09:00:01-04:00
2024-02-06 00:00:00-04:00,2024-02-06 22:49:27-04:00,12.293888888888889,2024-02-07 11:07:05-04:00
2024-02-07 00:00:00-04:00,2024-02-07 23:58:26-04:00,10.086666666666666,2024-02-08 10:03:38-04:00
2024-02-08 00:00:00-04:00,2024-02-07 23:58:26-04:00,10.086666666666666,2024-02-08 10:03:38-04:00
2024-02-09 00:00:00-04:00,2024-02-07 23:58:26-04:00,10.086666666666666,2024-02-08 10:03:38-04:00
2024-02-10 00:00:00-04:00,2024-02-10 23:31:48-04:00,9.470555555555556,2024-02-11 09:00:02-04:00
2024-02-11 00:00:00-04:00,2024-02-11 23:57:59-04:00,9.033611111111112,2024-02-12 09:00:00-04:00
2024-02-12 00:00:00-04:00,2024-02-12 23:06:59-04:00,10.258333333333333,2024-02-13 09:22:29-04:00
2024-02-13 00:00:00-04:00,2024-02-13 23:59:17-04:00,9.012222222222222,2024-02-14 09:00:01-04:00
2024-02-14 00:00:00-04:00,2024-02-14 23:26:31-04:00,11.6875,2024-02-15 11:07:46-04:00
2024-02-15 00:00:00-04:00,2024-02-14 23:26:31-04:00,11.6875,2024-02-15 11:07:46-04:00
2024-02-16 00:00:00-04:00,2024-02-14 23:26:31-04:00,11.6875,2024-02-15 11:07:46-04:00
2024-02-17 00:00:00-04:00,2024-02-17 22:45:42-04:00,11.188333333333333,2024-02-18 09:57:00-04:00
2024-02-18 00:00:00-04:00,2024-02-18 22:30:00-04:00,10.4025,2024-02-19 08:54:09-04:00
2024-02-19 00:00:00-04:00,2024-02-19 23:34:12-04:00,9.4275,2024-02-20 08:59:51-04:00
2024-02-20 00:00:00-04:00,2024-02-20 23:46:11-04:00,11.35388888888889,2024-02-21 11:07:25-04:00
2024-02-21 00:00:00-04:00,2024-02-21 22:57:04-04:00,10.04888888888889,2024-02-22 09:00:00-04:00
2024-02-22 00:00:00-04:00,2024-02-21 22:57:04-04:00,10.04888888888889,2024-02-22 09:00:00-04:00
2024-02-23 00:00:00-04:00,2024-02-21 22:57:04-04:00,10.04888888888889,2024-02-22 09:00:00-04:00
2024-02-24 00:00:00-04:00,2024-02-24 22:59:23-04:00,10.010833333333334,2024-02-25 09:00:02-04:00
2024-02-25 00:00:00-04:00,2024-02-25 22:57:15-04:00,10.045833333333333,2024-02-26 09:00:00-04:00
2024-02-26 00:00:00-04:00,2024-02-26 23:40:35-04:00,10.524166666666666,2024-02-27 10:12:02-04:00
2024-02-27 00:00:00-04:00,2024-02-27 23:59:17-04:00,9.012222222222222,2024-02-28 09:00:01-04:00
2024-02-28 00:00:00-04:00,2024-02-28 23:54:57-04:00,9.084166666666668,2024-02-29 09:00:00-04:00
2024-02-29 00:00:00-04:00,2024-02-28 23:54:57-04:00,9.084166666666668,2024-02-29 09:00:00-04:00
2024-03-01 00:00:00-04:00,2024-02-28 23:54:57-04:00,9.084166666666668,2024-02-29 09:00:00-04:00
2024-03-02 00:00:00-04:00,2024-03-02 23:16:46-04:00,10.178888888888888,2024-03-03 09:27:30-04:00
2024-03-03 00:00:00-04:00,2024-03-03 22:30:00-04:00,10.500277777777775,2024-03-04 09:00:00.999999999-04:00
2024-03-04 00:00:00-04:00,2024-03-04 23:59:36-04:00,9.006666666666666,2024-03-05 08:59:59.999999999-04:00
2024-03-05 00:00:00-04:00,2024-03-05 23:58:22-04:00,8.996944444444445,2024-03-06 08:58:11-04:00
2024-03-06 00:00:00-04:00,2024-03-05 23:58:22-04:00,8.996944444444445,2024-03-06 08:58:11-04:00
2024-03-07 00:00:00-04:00,2024-03-07 01:49:53-04:00,10.168888888888889,2024-03-07 12:00:01-04:00
2024-03-08 00:00:00-04:00,2024-03-07 01:49:53-04:00,10.168888888888889,2024-03-07 12:00:01-04:00
2024-03-09 00:00:00-04:00,2024-03-07 01:49:53-04:00,10.168888888888889,2024-03-07 12:00:01-04:00
2024-03-10 00:00:00-04:00,2024-03-10 17:54:49-04:00,9.128333333333334,2024-03-11 03:02:31-04:00
2024-03-11 00:00:00-04:00,2024-03-11 17:55:10-04:00,9.080555555555556,2024-03-12 03:00:00-04:00
2024-03-12 00:00:00-04:00,2024-03-12 17:22:54-04:00,9.367222222222225,2024-03-13 02:44:56-04:00
2024-03-13 00:00:00-04:00,2024-03-13 17:54:03-04:00,8.947777777777778,2024-03-14 02:50:55-04:00
2024-03-14 00:00:00-04:00,2024-03-13 17:54:03-04:00,8.947777777777778,2024-03-14 02:50:55-04:00
2024-03-15 00:00:00-04:00,2024-03-13 17:54:03-04:00,8.947777777777778,2024-03-14 02:50:55-04:00
2024-03-16 00:00:00-04:00,2024-03-16 17:14:03-04:00,9.766388888888889,2024-03-17 03:00:02-04:00
2024-03-17 00:00:00-04:00,2024-03-17 22:36:30-04:00,9.39222222222222,2024-03-18 08:00:01.999999999-04:00
2024-03-18 00:00:00-04:00,2024-03-18 22:58:57-04:00,9.018055555555556,2024-03-19 08:00:02-04:00
2024-03-19 00:00:00-04:00,2024-03-19 22:39:00-04:00,9.350555555555555,2024-03-20 08:00:02-04:00
2024-03-20 00:00:00-04:00,2024-03-20 22:46:45-04:00,9.221388888888889,2024-03-21 08:00:02-04:00
2024-03-21 00:00:00-04:00,2024-03-20 22:46:45-04:00,9.221388888888889,2024-03-21 08:00:02-04:00
2024-03-22 00:00:00-04:00,2024-03-20 22:46:45-04:00,9.221388888888889,2024-03-21 08:00:02-04:00
2024-03-23 00:00:00-04:00,2024-03-23 22:57:16-04:00,9.045555555555556,2024-03-24 08:00:00-04:00
2024-03-24 00:00:00-04:00,2024-03-24 22:54:36-04:00,9.7875,2024-03-25 08:41:51-04:00
2024-03-25 00:00:00-04:00,2024-03-25 22:18:19-04:00,9.694722222222222,2024-03-26 08:00:00-04:00
2024-03-26 00:00:00-04:00,2024-03-26 21:39:03-04:00,10.349722222222224,2024-03-27 08:00:02-04:00
2024-03-27 00:00:00-04:00,2024-03-27 22:59:37-04:00,9.007222222222222,2024-03-28 08:00:02.999999999-04:00
2024-03-28 00:00:00-04:00,2024-03-27 22:59:37-04:00,9.007222222222222,2024-03-28 08:00:02.999999999-04:00
2024-03-29 00:00:00-04:00,2024-03-27 22:59:37-04:00,9.007222222222222,2024-03-28 08:00:02.999999999-04:00
2024-03-30 00:00:00-04:00,2024-03-30 22:56:36-04:00,9.057222222222222,2024-03-31 08:00:02-04:00
2024-03-31 00:00:00-04:00,2024-03-31 22:39:25-04:00,10.506944444444445,2024-04-01 09:09:50-04:00
2024-04-01 00:00:00-04:00,2024-04-01 22:37:18-04:00,9.7725,2024-04-02 08:23:39-04:00
2024-04-02 00:00:00-04:00,2024-04-02 22:58:33-04:00,9.024722222222222,2024-04-03 08:00:01.999999999-04:00
2024-04-03 00:00:00-04:00,2024-04-03 22:47:54-04:00,9.201666666666666,2024-04-04 08:00:00-04:00
2024-04-04 00:00:00-04:00,2024-04-03 22:47:54-04:00,9.201666666666666,2024-04-04 08:00:00-04:00
2024-04-05 00:00:00-04:00,2024-04-03 22:47:54-04:00,9.201666666666666,2024-04-04 08:00:00-04:00
2024-04-06 00:00:00-04:00,2024-04-06 22:49:18-04:00,9.178333333333333,2024-04-07 08:00:00-04:00
2024-04-07 00:00:00-04:00,2024-04-07 22:56:13-04:00,9.063611111111111,2024-04-08 08:00:02-04:00
2024-04-08 00:00:00-04:00,2024-04-08 22:50:03-04:00,9.165833333333332,2024-04-09 07:59:59.999999999-04:00
2024-04-09 00:00:00-04:00,2024-04-09 22:23:31-04:00,9.4625,2024-04-10 07:51:16-04:00
2024-04-10 00:00:00-04:00,2024-04-10 22:14:42-04:00,11.696388888888889,2024-04-11 09:56:29-04:00
2024-04-11 00:00:00-04:00,2024-04-10 22:14:42-04:00,11.696388888888889,2024-04-11 09:56:29-04:00
2024-04-12 00:00:00-04:00,2024-04-10 22:14:42-04:00,11.696388888888889,2024-04-11 09:56:29-04:00
2024-04-13 00:00:00-04:00,2024-04-13 22:56:36-04:00,9.544722222222225,2024-04-14 08:29:17-04:00
2024-04-14 00:00:00-04:00,2024-04-14 22:59:13-04:00,9.013055555555557,2024-04-15 08:00:00-04:00
2024-04-15 00:00:00-04:00,2024-04-15 22:56:12-04:00,9.063333333333333,2024-04-16 07:59:59.999999999-04:00
2024-04-16 00:00:00-04:00,2024-04-16 22:42:06-04:00,9.298333333333334,2024-04-17 08:00:00-04:00
2024-04-17 00:00:00-04:00,2024-04-17 22:39:01-04:00,9.349722222222224,2024-04-18 08:00:00-04:00
2024-04-18 00:00:00-04:00,2024-04-17 22:39:01-04:00,9.349722222222224,2024-04-18 08:00:00-04:00
2024-04-19 00:00:00-04:00,2024-04-17 22:39:01-04:00,9.349722222222224,2024-04-18 08:00:00-04:00
2024-04-20 00:00:00-04:00,2024-04-20 22:11:12-04:00,9.813333333333333,2024-04-21 08:00:00-04:00
2024-04-21 00:00:00-04:00,2024-04-21 22:55:19-04:00,11.391944444444444,2024-04-22 10:18:50-04:00
2024-04-22 00:00:00-04:00,2024-04-22 22:31:29-04:00,9.475277777777778,2024-04-23 08:00:00-04:00
2024-04-23 00:00:00-04:00,2024-04-23 22:38:11-04:00,9.363611111111112,2024-04-24 08:00:00-04:00
2024-04-24 00:00:00-04:00,2024-04-24 22:27:49-04:00,9.536944444444444,2024-04-25 08:00:02-04:00
2024-04-25 00:00:00-04:00,2024-04-24 22:27:49-04:00,9.536944444444444,2024-04-25 08:00:02-04:00
2024-04-26 00:00:00-04:00,2024-04-24 22:27:49-04:00,9.536944444444444,2024-04-25 08:00:02-04:00
2024-04-27 00:00:00-04:00,2024-04-27 22:47:48-04:00,9.203333333333331,2024-04-28 07:59:59.999999999-04:00
2024-04-28 00:00:00-04:00,2024-04-28 22:44:43-04:00,8.765555555555556,2024-04-29 07:30:39-04:00
2024-04-29 00:00:00-04:00,2024-04-29 21:30:00-04:00,10.5,2024-04-30 08:00:00-04:00
2024-04-30 00:00:00-04:00,2024-04-30 22:50:19-04:00,9.161666666666669,2024-05-01 08:00:01-04:00
2024-05-01 00:00:00-04:00,2024-05-01 22:55:31-04:00,10.825833333333334,2024-05-02 09:45:04-04:00
2024-05-02 00:00:00-04:00,2024-05-01 22:55:31-04:00,10.825833333333334,2024-05-02 09:45:04-04:00
2024-05-03 00:00:00-04:00,2024-05-01 22:55:31-04:00,10.825833333333334,2024-05-02 09:45:04-04:00
2024-05-04 00:00:00-04:00,2024-05-01 22:55:31-04:00,10.825833333333334,2024-05-02 09:45:04-04:00
2024-05-05 00:00:00-04:00,2024-05-05 22:54:17-04:00,9.095277777777778,2024-05-06 08:00:00-04:00
2024-05-06 00:00:00-04:00,2024-05-06 22:57:42-04:00,10.488888888888887,2024-05-07 09:27:01.999999999-04:00
2024-05-07 00:00:00-04:00,2024-05-07 22:51:48-04:00,9.137222222222222,2024-05-08 08:00:02-04:00
2024-05-08 00:00:00-04:00,2024-05-08 22:56:55-04:00,9.051388888888887,2024-05-09 07:59:59.999999999-04:00
2024-05-09 00:00:00-04:00,2024-05-08 22:56:55-04:00,9.051388888888887,2024-05-09 07:59:59.999999999-04:00
2024-05-10 00:00:00-04:00,2024-05-08 22:56:55-04:00,9.051388888888887,2024-05-09 07:59:59.999999999-04:00
2024-05-11 00:00:00-04:00,2024-05-11 22:07:12-04:00,9.88,2024-05-12 08:00:00-04:00
2024-05-12 00:00:00-04:00,2024-05-12 22:32:43-04:00,9.455,2024-05-13 08:00:01-04:00
2024-05-13 00:00:00-04:00,2024-05-13 22:49:36-04:00,9.173333333333334,2024-05-14 08:00:00-04:00
2024-05-14 00:00:00-04:00,2024-05-14 22:59:59-04:00,8.953055555555556,2024-05-15 07:57:10-04:00
2024-05-15 00:00:00-04:00,2024-05-15 22:35:53-04:00,9.401944444444444,2024-05-16 08:00:00-04:00
2024-05-16 00:00:00-04:00,2024-05-15 22:35:53-04:00,9.401944444444444,2024-05-16 08:00:00-04:00
2024-05-17 00:00:00-04:00,2024-05-15 22:35:53-04:00,9.401944444444444,2024-05-16 08:00:00-04:00
2024-05-18 00:00:00-04:00,2024-05-18 22:52:33-04:00,9.124166666666667,2024-05-19 08:00:00-04:00
2024-05-19 00:00:00-04:00,2024-05-19 22:47:49-04:00,9.203055555555556,2024-05-20 08:00:00-04:00
2024-05-20 00:00:00-04:00,2024-05-20 22:20:25-04:00,9.65972222222222,2024-05-21 07:59:59.999999999-04:00
2024-05-21 00:00:00-04:00,2024-05-21 22:50:39-04:00,9.15638888888889,2024-05-22 08:00:02-04:00
2024-05-22 00:00:00-04:00,2024-05-22 22:42:12-04:00,13.35361111111111,2024-05-23 12:03:25-04:00
2024-05-23 00:00:00-04:00,2024-05-22 22:42:12-04:00,13.35361111111111,2024-05-23 12:03:25-04:00
2024-05-24 00:00:00-04:00,2024-05-22 22:42:12-04:00,13.35361111111111,2024-05-23 12:03:25-04:00
2024-05-25 00:00:00-04:00,2024-05-25 22:58:30-04:00,9.025,2024-05-26 08:00:00-04:00
2024-05-26 00:00:00-04:00,2024-05-26 22:05:32-04:00,9.908611111111112,2024-05-27 08:00:03-04:00
2024-05-27 00:00:00-04:00,2024-05-27 22:53:19-04:00,9.043611111111112,2024-05-28 07:55:56-04:00
2024-05-28 00:00:00-04:00,2024-05-28 21:58:19-04:00,10.028055555555556,2024-05-29 08:00:00-04:00
2024-05-29 00:00:00-04:00,2024-05-29 22:55:53-04:00,9.069166666666666,2024-05-30 08:00:01.999999999-04:00
2024-05-30 00:00:00-04:00,2024-05-29 22:55:53-04:00,9.069166666666666,2024-05-30 08:00:01.999999999-04:00
2024-05-31 00:00:00-04:00,2024-05-29 22:55:53-04:00,9.069166666666666,2024-05-30 08:00:01.999999999-04:00
2024-06-01 00:00:00-04:00,2024-06-01 22:59:40-04:00,11.095277777777778,2024-06-02 10:05:23-04:00
2024-06-02 00:00:00-04:00,2024-06-02 22:40:51-04:00,9.319722222222222,2024-06-03 08:00:02-04:00
2024-06-03 00:00:00-04:00,2024-06-02 22:40:51-04:00,9.319722222222222,2024-06-03 08:00:02-04:00
2024-06-04 00:00:00-04:00,2024-06-04 00:59:44-04:00,7.004444444444444,2024-06-04 08:00:00-04:00
2024-06-05 00:00:00-04:00,2024-06-05 22:35:18-04:00,9.412222222222224,2024-06-06 08:00:02-04:00
2024-06-06 00:00:00-04:00,2024-06-05 22:35:18-04:00,9.412222222222224,2024-06-06 08:00:02-04:00
2024-06-07 00:00:00-04:00,2024-06-05 22:35:18-04:00,9.412222222222224,2024-06-06 08:00:02-04:00
2024-06-08 00:00:00-04:00,2024-06-08 22:45:28-04:00,9.242222222222225,2024-06-09 08:00:00-04:00
2024-06-09 00:00:00-04:00,2024-06-09 22:51:40-04:00,9.13888888888889,2024-06-10 08:00:00-04:00
2024-06-10 00:00:00-04:00,2024-06-10 22:29:07-04:00,9.514722222222222,2024-06-11 08:00:00-04:00
2024-06-11 00:00:00-04:00,2024-06-11 22:28:05-04:00,9.531944444444443,2024-06-12 07:59:59.999999999-04:00
2024-06-12 00:00:00-04:00,2024-06-12 23:47:37-04:00,8.206388888888888,2024-06-13 07:59:59.999999999-04:00
2024-06-13 00:00:00-04:00,2024-06-12 23:47:37-04:00,8.206388888888888,2024-06-13 07:59:59.999999999-04:00
2024-06-14 00:00:00-04:00,2024-06-12 23:47:37-04:00,8.206388888888888,2024-06-13 07:59:59.999999999-04:00
2024-06-15 00:00:00-04:00,2024-06-15 22:50:21-04:00,10.108888888888888,2024-06-16 08:56:53-04:00
2024-06-16 00:00:00-04:00,2024-06-16 23:18:36-04:00,8.646666666666667,2024-06-17 07:57:24-04:00
2024-06-17 00:00:00-04:00,2024-06-17 22:57:36-04:00,9.04,2024-06-18 07:59:59.999999999-04:00
2024-06-18 00:00:00-04:00,2024-06-18 22:27:57-04:00,9.534166666666666,2024-06-19 08:00:00-04:00
2024-06-19 00:00:00-04:00,2024-06-19 22:10:11-04:00,12.967777777777778,2024-06-20 11:08:15-04:00
2024-06-20 00:00:00-04:00,2024-06-19 22:10:11-04:00,12.967777777777778,2024-06-20 11:08:15-04:00
2024-06-21 00:00:00-04:00,2024-06-19 22:10:11-04:00,12.967777777777778,2024-06-20 11:08:15-04:00
2024-06-22 00:00:00-04:00,2024-06-22 22:02:23-04:00,9.960277777777778,2024-06-23 08:00:00-04:00
2024-06-23 00:00:00-04:00,2024-06-23 21:30:00-04:00,10.716666666666669,2024-06-24 08:13:00-04:00
2024-06-24 00:00:00-04:00,2024-06-24 22:17:15-04:00,9.590555555555556,2024-06-25 07:52:41-04:00
2024-06-25 00:00:00-04:00,2024-06-25 22:52:04-04:00,9.132222222222222,2024-06-26 08:00:00-04:00
2024-06-26 00:00:00-04:00,2024-06-26 22:53:55-04:00,9.10138888888889,2024-06-27 08:00:00-04:00
2024-06-27 00:00:00-04:00,2024-06-26 22:53:55-04:00,9.10138888888889,2024-06-27 08:00:00-04:00
2024-06-28 00:00:00-04:00,2024-06-26 22:53:55-04:00,9.10138888888889,2024-06-27 08:00:00-04:00
2024-06-29 00:00:00-04:00,2024-06-29 22:58:48-04:00,9.02,2024-06-30 08:00:00-04:00
2024-06-30 00:00:00-04:00,2024-06-30 22:31:51-04:00,9.469166666666666,2024-07-01 08:00:00-04:00
2024-07-01 00:00:00-04:00,2024-07-01 22:37:29-04:00,9.76388888888889,2024-07-02 08:23:19-04:00
2024-07-02 00:00:00-04:00,2024-07-02 22:57:51-04:00,9.947222222222225,2024-07-03 08:54:41-04:00
2024-07-03 00:00:00-04:00,2024-07-03 22:59:13-04:00,8.624722222222223,2024-07-04 07:36:42-04:00
2024-07-04 00:00:00-04:00,2024-07-03 22:59:13-04:00,8.624722222222223,2024-07-04 07:36:42-04:00
2024-07-05 00:00:00-04:00,2024-07-03 22:59:13-04:00,8.624722222222223,2024-07-04 07:36:42-04:00
2024-07-06 00:00:00-04:00,2024-07-06 22:40:22-04:00,9.327222222222222,2024-07-07 08:00:00-04:00
2024-07-07 00:00:00-04:00,2024-07-07 22:54:50-04:00,9.069444444444445,2024-07-08 07:59:00-04:00
2024-07-08 00:00:00-04:00,2024-07-08 22:58:03-04:00,8.995555555555555,2024-07-09 07:57:46.999999999-04:00
2024-07-09 00:00:00-04:00,2024-07-09 22:58:13-04:00,8.966111111111111,2024-07-10 07:56:11-04:00
2024-07-10 00:00:00-04:00,2024-07-10 22:53:03-04:00,9.115833333333333,2024-07-11 08:00:00-04:00
2024-07-11 00:00:00-04:00,2024-07-10 22:53:03-04:00,9.115833333333333,2024-07-11 08:00:00-04:00
2024-07-12 00:00:00-04:00,2024-07-10 22:53:03-04:00,9.115833333333333,2024-07-11 08:00:00-04:00
2024-07-13 00:00:00-04:00,2024-07-13 22:59:00-04:00,9.016666666666667,2024-07-14 08:00:00-04:00
2024-07-14 00:00:00-04:00,2024-07-14 22:43:44-04:00,9.271666666666668,2024-07-15 08:00:02-04:00
2024-07-15 00:00:00-04:00,2024-07-15 22:40:05-04:00,9.3325,2024-07-16 08:00:02-04:00
2024-07-16 00:00:00-04:00,2024-07-16 22:49:17-04:00,9.179166666666667,2024-07-17 08:00:02-04:00
2024-07-17 00:00:00-04:00,2024-07-17 21:42:54-04:00,10.285555555555556,2024-07-18 08:00:02-04:00
2024-07-18 00:00:00-04:00,2024-07-17 21:42:54-04:00,10.285555555555556,2024-07-18 08:00:02-04:00
2024-07-19 00:00:00-04:00,2024-07-17 21:42:54-04:00,10.285555555555556,2024-07-18 08:00:02-04:00
2024-07-20 00:00:00-04:00,2024-07-20 22:18:08-04:00,9.697777777777778,2024-07-21 08:00:00-04:00
2024-07-21 00:00:00-04:00,2024-07-21 22:41:56-04:00,9.056944444444444,2024-07-22 07:45:20.999999999-04:00
2024-07-22 00:00:00-04:00,2024-07-22 22:58:41-04:00,9.0225,2024-07-23 08:00:02-04:00
2024-07-23 00:00:00-04:00,2024-07-23 22:58:47-04:00,9.020833333333334,2024-07-24 08:00:02-04:00
2024-07-24 00:00:00-04:00,2024-07-24 22:59:02-04:00,9.016111111111112,2024-07-25 08:00:00-04:00
2024-07-25 00:00:00-04:00,2024-07-24 22:59:02-04:00,9.016111111111112,2024-07-25 08:00:00-04:00
2024-07-26 00:00:00-04:00,2024-07-24 22:59:02-04:00,9.016111111111112,2024-07-25 08:00:00-04:00
2024-07-27 00:00:00-04:00,2024-07-27 22:46:25-04:00,8.750277777777777,2024-07-28 07:31:25.999999999-04:00
2024-07-28 00:00:00-04:00,2024-07-28 22:39:09-04:00,9.02,2024-07-29 07:40:21-04:00
2024-07-29 00:00:00-04:00,2024-07-29 22:59:01-04:00,9.016388888888889,2024-07-30 08:00:00-04:00
2024-07-30 00:00:00-04:00,2024-07-30 22:24:09-04:00,9.5975,2024-07-31 08:00:00-04:00
2024-07-31 00:00:00-04:00,2024-07-31 22:59:17-04:00,9.011944444444444,2024-08-01 07:59:59.999999999-04:00
2024-08-01 00:00:00-04:00,2024-07-31 22:59:17-04:00,9.011944444444444,2024-08-01 07:59:59.999999999-04:00
2024-08-02 00:00:00-04:00,2024-07-31 22:59:17-04:00,9.011944444444444,2024-08-01 07:59:59.999999999-04:00
2024-08-03 00:00:00-04:00,2024-08-03 22:59:22-04:00,9.010833333333334,2024-08-04 08:00:01-04:00
2024-08-04 00:00:00-04:00,2024-08-04 22:55:42-04:00,9.071666666666667,2024-08-05 08:00:00-04:00
2024-08-05 00:00:00-04:00,2024-08-05 22:59:56-04:00,9.001666666666667,2024-08-06 08:00:02-04:00
2024-08-06 00:00:00-04:00,2024-08-06 22:59:16-04:00,9.002777777777778,2024-08-07 07:59:26-04:00
2024-08-07 00:00:00-04:00,2024-08-07 22:46:57-04:00,9.218055555555557,2024-08-08 08:00:02-04:00
2024-08-08 00:00:00-04:00,2024-08-07 22:46:57-04:00,9.218055555555557,2024-08-08 08:00:02-04:00
2024-08-09 00:00:00-04:00,2024-08-07 22:46:57-04:00,9.218055555555557,2024-08-08 08:00:02-04:00
2024-08-10 00:00:00-04:00,2024-08-10 22:46:23-04:00,9.227222222222222,2024-08-11 08:00:01-04:00
2024-08-11 00:00:00-04:00,2024-08-11 22:58:36-04:00,9.02361111111111,2024-08-12 08:00:00.999999999-04:00
2024-08-12 00:00:00-04:00,2024-08-12 22:51:46-04:00,9.137222222222222,2024-08-13 08:00:00-04:00
2024-08-13 00:00:00-04:00,2024-08-13 22:56:53-04:00,9.051944444444445,2024-08-14 08:00:00-04:00
2024-08-14 00:00:00-04:00,2024-08-14 22:46:40-04:00,9.222777777777775,2024-08-15 08:00:01.999999999-04:00
2024-08-15 00:00:00-04:00,2024-08-14 22:46:40-04:00,9.222777777777775,2024-08-15 08:00:01.999999999-04:00
2024-08-16 00:00:00-04:00,2024-08-14 22:46:40-04:00,9.222777777777775,2024-08-15 08:00:01.999999999-04:00
2024-08-17 00:00:00-04:00,2024-08-14 22:46:40-04:00,9.222777777777775,2024-08-15 08:00:01.999999999-04:00
2024-08-18 00:00:00-04:00,2024-08-18 00:57:48-04:00,9.036666666666669,2024-08-18 10:00:00-04:00
2024-08-19 00:00:00-04:00,2024-08-19 00:58:42-04:00,9.021666666666668,2024-08-19 10:00:00-04:00
2024-08-20 00:00:00-04:00,2024-08-20 00:55:38-04:00,9.049166666666666,2024-08-20 09:58:35-04:00
2024-08-21 00:00:00-04:00,2024-08-21 00:33:35-04:00,9.34027777777778,2024-08-21 09:54:00-04:00
2024-08-22 00:00:00-04:00,2024-08-21 00:33:35-04:00,9.34027777777778,2024-08-21 09:54:00-04:00
2024-08-23 00:00:00-04:00,2024-08-21 00:33:35-04:00,9.34027777777778,2024-08-21 09:54:00-04:00
2024-08-24 00:00:00-04:00,2024-08-24 22:49:15-04:00,9.179166666666667,2024-08-25 08:00:00-04:00
2024-08-25 00:00:00-04:00,2024-08-25 21:30:00-04:00,10.5,2024-08-26 08:00:00-04:00
2024-08-26 00:00:00-04:00,2024-08-26 22:47:41-04:00,9.205277777777775,2024-08-27 07:59:59.999999999-04:00
2024-08-27 00:00:00-04:00,2024-08-27 22:06:30-04:00,10.342222222222222,2024-08-28 08:27:02-04:00
2024-08-28 00:00:00-04:00,2024-08-28 22:52:13-04:00,9.130277777777778,2024-08-29 08:00:02-04:00
2024-08-29 00:00:00-04:00,2024-08-28 22:52:13-04:00,9.130277777777778,2024-08-29 08:00:02-04:00
2024-08-30 00:00:00-04:00,2024-08-28 22:52:13-04:00,9.130277777777778,2024-08-29 08:00:02-04:00
2024-08-31 00:00:00-04:00,2024-08-31 22:59:10-04:00,9.014444444444443,2024-09-01 08:00:01.999999999-04:00
2024-09-01 00:00:00-04:00,2024-09-01 22:57:24-04:00,9.043611111111112,2024-09-02 08:00:01-04:00
2024-09-02 00:00:00-04:00,2024-09-02 21:56:35-04:00,10.509166666666667,2024-09-03 08:27:08-04:00
2024-09-03 00:00:00-04:00,2024-09-03 22:57:25-04:00,9.939722222222224,2024-09-04 08:53:48-04:00
2024-09-04 00:00:00-04:00,2024-09-04 22:47:06-04:00,9.69111111111111,2024-09-05 08:28:34-04:00
2024-09-05 00:00:00-04:00,2024-09-04 22:47:06-04:00,9.69111111111111,2024-09-05 08:28:34-04:00
2024-09-06 00:00:00-04:00,2024-09-04 22:47:06-04:00,9.69111111111111,2024-09-05 08:28:34-04:00
2024-09-07 00:00:00-04:00,2024-09-07 22:59:51-04:00,8.953888888888889,2024-09-08 07:57:05-04:00
2024-09-08 00:00:00-04:00,2024-09-08 22:46:00-04:00,9.233333333333333,2024-09-09 08:00:00-04:00
2024-09-09 00:00:00-04:00,2024-09-09 22:53:57-04:00,9.744166666666668,2024-09-10 08:38:36-04:00
2024-09-10 00:00:00-04:00,2024-09-10 22:11:24-04:00,9.810277777777776,2024-09-11 08:00:00.999999999-04:00
2024-09-11 00:00:00-04:00,2024-09-11 22:50:41-04:00,10.117222222222225,2024-09-12 08:57:43-04:00
2024-09-12 00:00:00-04:00,2024-09-11 22:50:41-04:00,10.117222222222225,2024-09-12 08:57:43-04:00
2024-09-13 00:00:00-04:00,2024-09-11 22:50:41-04:00,10.117222222222225,2024-09-12 08:57:43-04:00
2024-09-14 00:00:00-04:00,2024-09-14 22:47:34-04:00,10.1675,2024-09-15 08:57:37-04:00
2024-09-15 00:00:00-04:00,2024-09-15 22:55:07-04:00,9.081666666666669,2024-09-16 08:00:01-04:00
2024-09-16 00:00:00-04:00,2024-09-16 21:30:00-04:00,10.802222222222222,2024-09-17 08:18:08-04:00
2024-09-17 00:00:00-04:00,2024-09-17 22:46:08-04:00,9.231111111111112,2024-09-18 08:00:00-04:00
2024-09-18 00:00:00-04:00,2024-09-18 22:59:52-04:00,9.002777777777778,2024-09-19 08:00:02-04:00
2024-09-19 00:00:00-04:00,2024-09-18 22:59:52-04:00,9.002777777777778,2024-09-19 08:00:02-04:00
2024-09-20 00:00:00-04:00,2024-09-18 22:59:52-04:00,9.002777777777778,2024-09-19 08:00:02-04:00
2024-09-21 00:00:00-04:00,2024-09-21 22:58:06-04:00,9.031944444444443,2024-09-22 08:00:00.999999999-04:00
2024-09-22 00:00:00-04:00,2024-09-22 22:57:11-04:00,9.753333333333334,2024-09-23 08:42:23-04:00
2024-09-23 00:00:00-04:00,2024-09-23 22:49:53-04:00,8.998888888888889,2024-09-24 07:49:49-04:00
2024-09-24 00:00:00-04:00,2024-09-24 22:59:20-04:00,9.011666666666668,2024-09-25 08:00:02-04:00
2024-09-25 00:00:00-04:00,2024-09-25 22:33:56-04:00,9.434722222222222,2024-09-26 08:00:01-04:00
2024-09-26 00:00:00-04:00,2024-09-25 22:33:56-04:00,9.434722222222222,2024-09-26 08:00:01-04:00
2024-09-27 00:00:00-04:00,2024-09-25 22:33:56-04:00,9.434722222222222,2024-09-26 08:00:01-04:00
2024-09-28 00:00:00-04:00,2024-09-28 22:57:33-04:00,8.252777777777778,2024-09-29 07:12:43-04:00
2024-09-29 00:00:00-04:00,2024-09-29 22:35:37-04:00,9.406944444444443,2024-09-30 08:00:01.999999999-04:00
